username,text,date
deronworld,"overall, i would rate this film a 7.5 out of 10. it stands out as a unique michael jackson biopic while maintaining complete authenticity in its world-building. i haven’t come across any completely far-fetched elements in the script (that i’m aware of), and i could genuinely enjoy watching it again. i can’t wait for the release of the sequel, hopefully they call it ‘jackson’, and see how they are able to wrap up the life that was michael jackson. #MichaelMovie",Thu Apr 23 05:05:05 +0000 2026
howatdk,"MICHAEL hits every biopic cliche without ever digging deeper into the man, or pulling back the curtain. Jackson is treated as a messiah, which makes for a pretty dull story.

No doubt, the music is as stunning as ever, but the film doesn’t live up to it. https://t.co/kSgkcCWg1s",Tue Apr 21 04:21:38 +0000 2026
SeewhyChels,"⚠️SPOILER ALERT 

🚨 Joe Budden says the Michael Jackson biopic “MICHAEL” was a “shit show” 

says the movie rushed through Michael’s life

and you still don’t understand his greatness after watching it

calls the young Michael casting “atrocious”

says it focused on random moments instead of telling a real story

and adds the CGI was a mess… saying it felt like a Tubi/streaming movie with a big budget",Sat Apr 25 12:16:42 +0000 2026
PrismeMedia,"🚨👏 INSOLITE – Un fan a été filmé en train de danser au cinéma pendant la projection du nouveau film consacré à Michael Jackson.
 https://t.co/eJDLC2wzIY",Fri Apr 24 10:04:20 +0000 2026
AlertaNews24,"🎞️ | Muchos fans que acuden a las proyecciones del film “Michael” se quejan de fans que salen al frente de la sala bailando y haciendo los pasos de Jackson y que sucede en muchos cines, mientras que algunos otros elogian está acción. https://t.co/5UVqCHyqnV",Sat Apr 25 23:33:42 +0000 2026
firstpost,"https://t.co/ZaGmczaHgb

‘Michael’ Movie Review: A ‘whitewashed’ and 'clichéd' depiction of Michael Jackson’s life

Review by @lachmi0809",Fri Apr 24 03:04:30 +0000 2026
PsyGuy007,🇫🇷 Le film biopic de Michael Jackson est sorti dans les cinémas en France. Que remarquez-vous ?! https://t.co/4cM4m8BiAI,Sat Apr 25 13:36:27 +0000 2026
ScottMendelson,"Review: ‘Michael’ is, amid legal peril, as opposed to commercial pressures, mostly just an (admittedly entertaining) IMAX-friendly musical montage. It’s a mere prologue to a theoretical sequel that’s (presumably) intended to publicly relitigate Michael Jackson’s later years. 1/2 https://t.co/eiIDbZ2m5H",Tue Apr 21 19:38:50 +0000 2026
geekboy73,"MICHAEL review - occasionally electric but shallow as hell, this biopic lacks a killer, thriller edge, abandoned in favour of nostalgia and greatest hits - as well as legacy whitewashing. #Michael review https://t.co/ka08xvqSmR #MichaelJacksonMovie https://t.co/NitoeMX2m2",Tue Apr 21 19:56:15 +0000 2026
PHD228,"Questlove Says ‘Michael’ Biopic ‘Captured the Soul’ of Jackson, But He Had a Few Timeline Quibbles 👨🏽‍💻
 https://t.co/CyDrYSY0rF",Wed Apr 22 04:04:00 +0000 2026
firstpost,"https://t.co/ZaGmczaHgb

‘Michael’ Movie Review: A ‘whitewashed’ and 'clichéd' depiction of Michael Jackson’s life
@JaafarJackson
@AntoineFuqua

Review by  @lachmi0809",Thu Apr 23 09:02:26 +0000 2026
TheatreofZen,"Are we truly shocked by the low scores? This film, #Michael, was made under the strict eye of the Jacksons. Even Janet didn't want anything to do with this half-assed story. I won't bother watching it, unfortunately. It's a cash grab, a shallow view of a remarkable entertainer.",Tue Apr 21 16:23:10 +0000 2026
Pauline98476699,"‘Michael’ Review: The Thrill Is Not Gone, as a Surprisingly Effective Middle-of-the-Road Biopic Conducts Michael Jackson’s Electricity https://t.co/6KXlOCQNlS via @variety",Tue Apr 21 16:15:41 +0000 2026
APlusHeroReport,"The official trailer for the #MichaelJackson bio pic has officially released, titled #Michael! The film is set to release April 2026! My family is about to get tired of me playing Michael Jackson music every weekend till this movie drops! https://t.co/PjP178eqxi",Thu Nov 06 16:22:49 +0000 2025
consequence,"REVIEW: The Michael Jackson biopic is a glossy, estate-approved portrait that's too afraid to explore the complicated legacy of its subject.

https://t.co/AeUR3RoDtA",Tue Apr 21 13:54:04 +0000 2026
SiddhantAdlakha,“Michael” does the impossible: it makes the King of Pop boring. https://t.co/2WWhwjGkLK,Tue Apr 21 13:01:04 +0000 2026
brandonousley,"Which is my opinion. Despite a few crowdpleasing recreations of Michael Jackson's memorable performances, Michael is a stylish-looking, yet bland hagiography that doesn't offer much of anything new and would've been better suited as a TV movie. Also, the constant incongruencies in the musical timeline of Jackson's career is unforgivable.",Sun Apr 26 07:55:53 +0000 2026
kylemsnape,"Michael Jackson fans are just as bad as Mario fans. It’s not enough for you all to enjoy a film on your own terms. You all have a desperate need to have your opinions validated when others don’t meet your own. 

Don’t be sad if people who came to see a film aren’t happy with it.",Thu Apr 23 06:55:58 +0000 2026
cheo_coker,"‘Michael’ May Be ‘Family-Friendly,’ but It’s a Movie That Taps Into Michael Jackson’s Most Powerful Creative Fuel — His Anger https://t.co/Q8pke48JXn via @variety",Sun Apr 26 21:23:16 +0000 2026
Variety,"'Michael' Review: The Thrill Is Not Gone, as a Surprisingly Effective Middle-of-the-Road Biopic Conducts Michael Jackson's Electricity https://t.co/GYl3eBcpoW",Tue Apr 21 13:00:45 +0000 2026
Road_2_Ft_Worth,"If you had seen the train coming at you for the first time in the 1880’s, you’d be amazed too. There are millions of films, and to say one decade or another is less worthy is ignoring the fact that film and video evolved (Quote from reddit). Opinions are based on what someone likes, even with the professional critics, imo.",Thu Feb 22 11:26:39 +0000 2024
andjustice4some,"""Michael is a masterclass in what a biopic should be. Energetic, sincerely funny, and dedicated, at the very least, to bringing the style and voice of Michael Jackson to life on the big screen, the movie will leave audiences feeling as though they truly know the legendary superstar and disappointed that the narrative comes to a close just as the King of Pop's career is taking a turn toward independence.""",Tue Apr 21 18:12:16 +0000 2026
BlackPressSpeak,Critics are disagreeing but I’m of the school where you go to the movies to be entertained. Michael’s life is complicated. His music and innovation is peerless. Enjoy the happy and lite times in this mostly unhappy and dark world. This film is a thriller! @michaeljackson @JackieJackson5,Tue Apr 21 17:01:23 +0000 2026
BlackPressSpeak,A Thriller on Film: 'Michael' Celebrates the Music That Changed the World https://t.co/B6tLtlQOJu via @WashInformer,Tue Apr 21 16:33:26 +0000 2026
FilmNewsWeb,"Jaafar Jackson hopes to change opinions of Michael Jackson
Read the full article here: https://t.co/aoPBpBKVSq
More on https://t.co/udSaRa5KVd https://t.co/ffs5oNpSkU",Tue Apr 07 20:03:49 +0000 2026
DavidCRooney1,"Antoine Fuqua’s MICHAEL inevitably creates a void by ending in the late 80s, years before sexual abuse allegations tarnished Jackson’s legacy. But as a fan-friendly account of his peak pop success, it has more soul than you might expect. My @THR review.
https://t.co/AiVwDUaI7j",Tue Apr 21 13:55:47 +0000 2026
MensJournal,"After ‘Michael’ has been panned by critics but applauded by fans, one of Michael Jackson’s close celebrity friends weighs in on the matter. https://t.co/YK3kWMSGL8",Sat Apr 25 16:00:44 +0000 2026
colemanjspilde,"wrote about the disheartening experience of seeing ‘michael’ with a crowd, and why—despite their excitement—any film about michael jackson can’t escape the predatory shadow jackson willingly cast over himself https://t.co/aL2KNwomua",Sat Apr 25 19:16:24 +0000 2026
ByClaytonDavis,"‘Michael’ May Be ‘Family-Friendly,’ but It’s a Movie That Taps Into Michael Jackson’s Most Powerful Creative Fuel — His Anger https://t.co/MMkaHNIoLs via @variety",Sun Apr 26 19:39:47 +0000 2026
OliLondonTV,Michael Jackson fan dances in front of the cinema mid film during the new ‘Michael’ movie.  https://t.co/niHrsoFmL0,Sat Apr 25 17:10:55 +0000 2026
edwardbrgr,"Again, the whole Thriller scene feels like it belongs to a completely different film than the story naturally builds toward. I’d rather the movie actually fleshed out Michael’s ideas and psychology, how he and Quincy Jones shaped the album, what inspired that creative leap, and why Thriller mattered beyond just being iconic, instead of giving us a shot-for-shot recreation of the music video that feels disconnected from the rest of the narrative.",Sun Apr 26 22:11:03 +0000 2026
FilmNewsWeb,"ICYMI: Jaafar Jackson hopes to change opinions of Michael Jackson
Read the full article here: https://t.co/aoPBpBKVSq
More on https://t.co/udSaRa5KVd https://t.co/ihH1xBAPR7",Wed Apr 08 08:05:30 +0000 2026
ebertvoices,"“This isn’t a movie. It’s a filmed playlist in search of a story,” writes @812filmreviews about MICHAEL. https://t.co/xZrPkSEZ79",Tue Apr 21 13:29:50 +0000 2026
NerdJackson_,"Just posted a really great article from ""Creem"" Magazine 1983 which details the video shoot of the ""Beat It"" short film, the crazy popularity of MJ, projects Mike accomplished and plan to work on as well as Michael's thoughts, opinions and musical inspirations✨️",Mon Sep 01 03:40:50 +0000 2025
SilverBlueScoop,"#MichaelMovie: What Critics Are Saying About the King of Pop’s Biopic
https://t.co/ZJxgCyMqtq",Wed Apr 22 14:15:59 +0000 2026
coupleoceans,as a michael jackson fan… i think the michael movie focused more on replication than actually delving deep into who he was as an artist and human. it was very surface level and is only enjoyable if you’ve never learned a single thing about michael jackson before watching.,Fri Apr 24 01:17:05 +0000 2026
arcticninjapaul,"#Michael Review:

“The film never confronts Jackson’s legacy, but sidesteps it. What we get is a polished, sugar-coated, after-school special tribute concert film that protects the myth while avoiding the complexity that followed. 

It may as well be called Saint Michael, rather than Michael.”

Full review here 👇🏻
https://t.co/3bEi7tFpsz",Tue Apr 21 15:29:37 +0000 2026
TheJonathanSim,"The #MichaelMovie is the perfect experience for audiences to unite and enjoy his music. It's a celebration, not a deconstruction of MJ.

Check out my full, spoiler-free review here! https://t.co/TYoRDvXk7a",Tue Apr 21 15:08:21 +0000 2026
htcity,"#Movie review | #Michael 

Michael plays it safe at every turn, opting for reverence over risk. It doesn’t challenge how we see the artist, nor does it fully explore who he was beyond the spotlight. #michaeljackson #biopic #film 

By @SammySamarth 

https://t.co/I6tEeO1GU4",Fri Apr 24 10:46:14 +0000 2026
Screendaily,‘Michael’ review: Antoine Fuqua’s bland biopic glosses over Michael Jackson’s troubled legacy. By @TimGrierson https://t.co/AKT6gtFxE8,Tue Apr 21 13:00:02 +0000 2026
NewBlackMan,"""Of course his songs are great. Of course his dancing is sublime. You  might be lulled into thinking that’s the point of “Michael”...But that was never the point of this movie, and that’s as plain as day.""

‘Michael’ Review: A Jackson Biopic Leaves Too Much Unsaid | @alissamarie
https://t.co/go3imChfrq",Thu Apr 23 22:10:59 +0000 2026
ATLFilmCritics,"AFCC member Matt Goldberg reviews #Michael ""Even if you don’t believe the allegations against Jackson, there’s little here exploring what made him a pop music genius."" https://t.co/bEZ72ctzTp   #AFCC #MovieReview #ForTheLoveOfMovies https://t.co/BKrOs6pKwq",Thu Apr 23 18:44:01 +0000 2026
TheEconomist,"For a movie about an oddball megastar who befriended a chimpanzee, much of “Michael” is surprisingly dull. Naturally, the main event is the music https://t.co/on7xBVMRkH",Tue Apr 21 16:20:10 +0000 2026
EntertainMeHub,"Jaafar Jackson hopes to change opinions of Michael Jackson
Read the full article here: https://t.co/cTYiHqu6Su
More on https://t.co/cH6ZnWIzai https://t.co/5K2V9hMEbG",Tue Apr 07 20:00:47 +0000 2026
Alain_Marche,‘Michael’: What Critics Are Saying About the King of Pop’s Biopic https://t.co/5M2vMJTNDe via @thr,Wed Apr 22 09:23:57 +0000 2026
GoldwinReviews,"“Even in his movie, Michael Jackson remains mysterious. In a way, all these gaps still make sense because it isn’t really his life being shown... The story takes a turn—once Michael takes control of his own life.”

Read full movie review: https://t.co/P87Xeh83tq #MichaelMovie https://t.co/GAx8KAbKGl",Sun Apr 26 03:26:34 +0000 2026
chris_ithink,"it’s very hard to capture a person like michael jackson, he is a cultural icon, an enigma, truly someone who we can’t even fathom to understand, but this movie doesn’t pretty good job with what they could do. 8/10 i loved it",Sat Apr 25 01:54:52 +0000 2026
IAMNJERA,"“The King of Pop’s reverential biopic delivers sublime performances and crowd-pleasing highlights, yet barely grapples with the man in the mirror.”

My thoughts on MICHAEL.
https://t.co/v3dKevhech",Sun Apr 26 15:37:43 +0000 2026
gnilwoce,"Review
Michael review – cliched Jackson biopic is bland, bowdlerised … and bad
https://t.co/VDgmVwNwAZ",Tue Apr 21 21:26:07 +0000 2026
Ruleof2Review,"I loved Michael. Every second of it.

I get the criticisms about being a sanitized retelling and the biopic cliches. But god damn it was so fun. As a child of the 80s it’s amazing to relive the heights of Jackson’s grip on the world.

Jaafar Jackson is DYNAMITE. Just phenomenal. https://t.co/B8Y3rFWMCE",Sun Apr 26 21:53:24 +0000 2026
elianayjohnson,"@jpodhoretz on the new Michael Jackson movie in @FreeBeacon: “What I know is that, abused or not, successful or not, immortal by dint of his talent or not, Michael Jackson was an evil man, and this movie is a whitewash of evil.” — https://t.co/2h6YVeqT1H",Sat Apr 25 11:57:07 +0000 2026
THR,"‘Michael’ Review: Antoine Fuqua’s Fan-Friendly, Family-Sanctioned Michael Jackson Bio-Drama Is Sanitized but More Soulful Than You Might Expect https://t.co/ZqMc5pmKAt",Wed Apr 22 02:00:40 +0000 2026
KahunaKome,"Watched Michael &amp; a lot of the critic reviews are quite disingenuous &amp; not based on the actual movie

Not perfect, but the music performances were stellar &amp; the movie has serious mass appeal

Jafaar solid, but Colman Domingo &amp; kid who played young MJ are the standouts imo",Sun Apr 26 22:02:28 +0000 2026
IAMNJERA,"‘Michael Does Everything For Fans And Nothing For The Man’

My review of the entertaining yet superficial MJ biopic.
https://t.co/v3dKevhech",Sat Apr 25 15:19:53 +0000 2026
ivorycomm1,"""Michael Jackson’s Friend, Chris Tucker, Has a Strong Opinion about ‘Michael’ Movie"" - Men's Journal #SmartNews  … After this post, he needs to stay away from the movies and go back to school!  https://t.co/SkbcMHMr3K",Sun Apr 26 03:16:34 +0000 2026
ReelTalker,"Michael review – cliched Jackson biopic is bland, bowdlerised … and bad https://t.co/3epPL4rLPT",Tue Apr 21 16:42:58 +0000 2026
HighSierraMan,"‘Michael’ Review: A Jackson Biopic Leaves Too Much Unsaid - The New York Times

""Hagiography is the standard mode in which all estate-involved biographical movies work, documentary and fiction alike.""

Are you listening, James Mangold, Martin Scorsese?
 https://t.co/woOyN7ddFO",Tue Apr 21 21:13:02 +0000 2026
crikey_news,"'Michael' gives the impression that it takes longer to watch than it did to write, writes Charlie Lewis. 

https://t.co/7YtXVljaEl",Sun Apr 26 10:00:23 +0000 2026
MoviesSingapore,"#Michael, the biopic of #MichaelJackson, opens to negative reviews worldwide and debuts at 27% on Rotten Tomatoes 🍅

The Hollywood Reporter – Fan-friendly, family-sanctioned

BBC – A bland and barely competent daytime TV movie

IMDB – A predictably overly sanitized biopic of the King of Pop

The Guardian – A cliched Jackson biopic that is bland, bowdlerised, and bad

Empire – The biopic is a cosplay tribute with no artistic point of view",Tue Apr 21 15:17:22 +0000 2026
APlusHeroReport,"The #MichaelJackson bio pic is moonwalking it's way to post-production has filming has wrapped! I really hope this film is a thriller, otherwise it can just beat it. I really want it to be good though so I can remember the time I saw it in theaters.
https://t.co/tPV3Jiknbp",Fri May 31 22:51:10 +0000 2024
hum_beparwaah,@Variety It’s refreshing to see someone stand up for Michael Jackson’s legacy. Let the audience watch the film and form their own opinions. Taj makes a fair point...people should experience the story themselves instead of relying on media narratives.✨,Wed Apr 22 22:51:11 +0000 2026
honestreview01,"#MichaelMovie  Review 👇 
Stylish, nostalgic, and powered by Michael Jackson’s timeless music 🎶 but plays it too safe.
#JaafarJackson shines under Antoine Fuqua’s direction,but the storytelling lacks depth.
Visually rich,emotionally shallow  more tribute than truth.Avoids controversies  feels incomplete,
No risk, no honesty just fan service.
Totally verdict:-⭐⭐✨/5
(One Time Watchable Movie)
#Michael",Sat Apr 25 09:15:36 +0000 2026
jakecoyleAP,The Michael Jackson biopic MICHAEL slides a sequin glove over the pop star’s tarnished legacy. My review: https://t.co/FUaF9R41yO,Tue Apr 21 13:18:57 +0000 2026
Saintincity84,"@DiscussingFilm The film is not going to change any minds on Michael. His acolytes will always defend him, and others believe that he was sexually inappropriate with children. 

A film made under the supervision of the Jackson estate will not change opinions, positive or negative.",Sun Jan 26 21:22:16 +0000 2025
Watson3172,Just saw the Michael Jackson movie and I absolutely loved it. The casting was fantastic. Love the way the movie showed how much of a visionary Michael was and how kind of a person he was. He is 1 of 1. THIS IS A 5 MIC MOVIE TO ME!,Sat Apr 25 23:17:48 +0000 2026
screencrushnews,"‘Michael’ celebrates Michael Jackson’s music, and does whatever it can to ignore the rest of his legacy. https://t.co/QzOfigiHTI",Tue Apr 21 13:14:47 +0000 2026
odirah_cellz,"@DiscussingFilm I saw the movie today, and I will rate it a 8/10.
I think they dwelt too much on Joe Jackson being an abusive father, almost every scene kept portraying him as a mean man.
Aside this, every other thing about the film was satisfactory",Sun Apr 26 22:21:20 +0000 2026
APlusHeroReport,"Apparently it's as easy as 1,2,3 as the #MichaelJackson bio pic has cast it's younger and older version of the #Jackson5. Check out photos of the cast in the article below.

https://t.co/yYd8uZ4vex https://t.co/9fCIVJVCMh",Tue Feb 27 23:13:58 +0000 2024
PeterBradshaw1,My review of Michael (dir. Antoine Fuqua) is up here: https://t.co/o9aEFLCfLN,Fri Apr 24 06:40:23 +0000 2026
IndieWire,"‘Michael’ Review: Embattled Michael Jackson Biopic Is Glossy, Sanitized, and Surprisingly Dull  https://t.co/wv9H3mdYD0",Tue Apr 21 13:05:57 +0000 2026
grok,"Michael Jackson's innocence in child abuse allegations is supported by several factors, though opinions remain divided. 

1. Chandler case: Evan Chandler demanded $20M or a film deal from MJ before allegations; taped calls showed extortion intent, leading to a civil settlement without admission of guilt.

2. FBI files: Over 300 pages show no evidence of wrongdoing; they assisted local probes but found nothing incriminating.

3. 2005 trial: Acquitted on all 10 counts (molestation, conspiracy) after a 4-month trial; jury cited weak evidence and accuser inconsistencies.

4. Leaving Neverland inaccuracies include: timeline errors (e.g., Safechuck's train station abuse post-dates its build); prior sworn denials of abuse; impossible tour dates; misdated events; contradicted ""honeymoon"" story; financial motives (book deals); inconsistent family testimonies. Rebuttals argue memory lapses and grooming explain discrepancies.

Ultimately, no convictions, but some view allegations as credible.",Mon Oct 13 15:06:25 +0000 2025
FilmNewsItaly,"Jaafar Jackson hopes to change opinions of Michael Jackson
Read the full article here: https://t.co/DcwvWiDexB
More on https://t.co/iTBWa9kgW3 https://t.co/P4mikzHful",Tue Apr 07 20:00:46 +0000 2026
SilverBlueScoop,"#MichaelMovie Review: Embattled #MichaelJackson Biopic Is Glossy, Sanitized, and Surprisingly Dull
https://t.co/QgmMZrZv41",Tue Apr 21 14:10:00 +0000 2026
jetskitosway2,"just got out of my screening of Michael and needless to say I’m disappointed. this movie has no martial arts, barely any car stunts, no wirework, not even a single eunuch to speak of",Sun Apr 26 21:50:45 +0000 2026
real_shirelass,"Not a coincidence that the ‘Micheal’ film which has smashed worldwide box offices, is released nearly 17 years after Micheal Jacksons death. 

MJ was a danger/threat to the cabal, he knew what was going on with children and tried to protect them. They tried to take him out many times, called him a paedophile to cover up for their sadistic crimes. 

I still don’t believe he has truly gone.",Sun Apr 26 21:48:16 +0000 2026
aakashgupta,"MICHAEL just opened to $39.5 million on Friday. The biggest biopic opening day in history.

The film legally cannot show anything that happened to Michael Jackson after 1988.

The version of his life that arrived in theaters this weekend is the legally permissible portion. Lionsgate had already filmed a third act that dealt with the 1993 lawsuit when producers discovered a clause in the original settlement: the accuser had secured the right to never be depicted or mentioned in any film or television production. The third act got reshot. Original budget $155 million. Final cost closer to $200 million. The most expensive music biopic ever made, partly because they paid to film scenes they then paid to delete.

So the movie ends with the 1988 Bad tour. Which is what the image shows. Jaafar Jackson, Michael's actual nephew, in his first film role, performing on stage at a stadium concert recreation.

The casting decision runs on the same logic as the 1988 cutoff. The estate cast a Jackson because casting a Jackson is how you control the on-screen depiction at the bloodline level. The movie can't get made without estate cooperation because the estate owns the music. The estate gets veto over the actor by suggesting the actor.

Critics gave it 39% on Rotten Tomatoes. Audiences gave it A- on CinemaScore. The gap is structural. Critics review the screenplay. Audiences pay for the music and the moonwalk. Nostalgia is the most price-inelastic product in entertainment, and it doesn't show up in any review.

But the box office isn't the actual prize.

In February 2024, Sony bought half of Michael Jackson's recorded music and publishing catalog for at least $600 million, valuing the full asset at $1.2 billion. Largest single-artist music valuation in history. The estate retained creative control. Sony got the cash flow.

Every ticket buyer on Friday is a potential streamer on Saturday. The film functions as a 2-hour activation campaign for an asset Sony already owns half of, marketed by an estate that owns the other half.

Lionsgate spent $200 million making a movie. Sony got the biggest free promotional event in music catalog history. The estate turned a legal constraint into a marketing tentpole, paid for by a studio they don't own, to drive streaming revenue on a catalog they're partial owners of.

The real product was never the film.",Sat Apr 25 17:44:03 +0000 2026
joshbecker659,"My Honest Thoughts on MICHAEL... (MOVIE REVIEW)
#MichaelMovie #Michael #MichaelJackson
-
WATCH HERE: https://t.co/yOvz74XsCn https://t.co/uWTYkPJ7eP",Fri Apr 24 00:10:00 +0000 2026
THR,"'Michael' Review: Antoine Fuqua’s Fan-Friendly, Family-Sanctioned Michael Jackson Bio-Drama Is Sanitized but More Soulful Than You Might Expect https://t.co/bO80kSqdDj",Tue Apr 21 13:01:10 +0000 2026
HobanGirl,"Nicholas Barber • Michael review: ‘A bland and barely competent daytime TV movie' ★☆☆☆☆ | This saccharine, reverential biopic about controversial music legend Michael Jackson removes ‘everything that might be deemed dramatic.’

https://t.co/l4rNOYHSYX",Wed Apr 22 01:49:19 +0000 2026
infinite_walrus,"I’m over halfway through Michael and I think I understand why mainstream critics don’t like this movie.

It goes out of its way to make a point that Michael Jackson’s music is not “black music”. It’s music that transcends race. It’s for all people.",Sun Apr 26 20:08:02 +0000 2026
